Feature1,Feature2
0.814723686393179,0.631188734269011
0.905791937075619,0.355073651878849
0.355073297878849,0.451233651878849
0.255073297878849,0.7251233651878849
0.155073297878849,0.251233651878849